[{"name":"main","qualifiedName":"main","href":"main/main-library.html","kind":9,"overriddenDepth":0,"packageRank":0,"desc":""},{"name":"BMICalculatorApp","qualifiedName":"main.BMICalculatorApp","href":"main/BMICalculatorApp-class.html","kind":3,"overriddenDepth":0,"packageRank":0,"desc":"","enclosedBy":{"name":"main","kind":9,"href":"main/main-library.html"}},{"name":"BMICalculatorApp","qualifiedName":"main.BMICalculatorApp.BMICalculatorApp","href":"main/BMICalculatorApp/BMICalculatorApp.html","kind":2,"overriddenDepth":0,"packageRank":0,"desc":"","enclosedBy":{"name":"BMICalculatorApp","kind":3,"href":"main/BMICalculatorApp-class.html"}},{"name":"build","qualifiedName":"main.BMICalculatorApp.build","href":"main/BMICalculatorApp/build.html","kind":10,"overriddenDepth":1,"packageRank":0,"desc":"Describes the part of the user interface represented by this widget.","enclosedBy":{"name":"BMICalculatorApp","kind":3,"href":"main/BMICalculatorApp-class.html"}},{"name":"BMICalculatorScreen","qualifiedName":"main.BMICalculatorScreen","href":"main/BMICalculatorScreen-class.html","kind":3,"overriddenDepth":0,"packageRank":0,"desc":"","enclosedBy":{"name":"main","kind":9,"href":"main/main-library.html"}},{"name":"BMICalculatorScreen","qualifiedName":"main.BMICalculatorScreen.BMICalculatorScreen","href":"main/BMICalculatorScreen/BMICalculatorScreen.html","kind":2,"overriddenDepth":0,"packageRank":0,"desc":"","enclosedBy":{"name":"BMICalculatorScreen","kind":3,"href":"main/BMICalculatorScreen-class.html"}},{"name":"createState","qualifiedName":"main.BMICalculatorScreen.createState","href":"main/BMICalculatorScreen/createState.html","kind":10,"overriddenDepth":1,"packageRank":0,"desc":"Creates the mutable state for this widget at a given location in the tree.","enclosedBy":{"name":"BMICalculatorScreen","kind":3,"href":"main/BMICalculatorScreen-class.html"}},{"name":"ResultScreen","qualifiedName":"main.ResultScreen","href":"main/ResultScreen-class.html","kind":3,"overriddenDepth":0,"packageRank":0,"desc":"","enclosedBy":{"name":"main","kind":9,"href":"main/main-library.html"}},{"name":"ResultScreen","qualifiedName":"main.ResultScreen.ResultScreen","href":"main/ResultScreen/ResultScreen.html","kind":2,"overriddenDepth":0,"packageRank":0,"desc":"","enclosedBy":{"name":"ResultScreen","kind":3,"href":"main/ResultScreen-class.html"}},{"name":"build","qualifiedName":"main.ResultScreen.build","href":"main/ResultScreen/build.html","kind":10,"overriddenDepth":1,"packageRank":0,"desc":"Describes the part of the user interface represented by this widget.","enclosedBy":{"name":"ResultScreen","kind":3,"href":"main/ResultScreen-class.html"}},{"name":"result","qualifiedName":"main.ResultScreen.result","href":"main/ResultScreen/result.html","kind":16,"overriddenDepth":0,"packageRank":0,"desc":"","enclosedBy":{"name":"ResultScreen","kind":3,"href":"main/ResultScreen-class.html"}},{"name":"resultName","qualifiedName":"main.ResultScreen.resultName","href":"main/ResultScreen/resultName.html","kind":16,"overriddenDepth":0,"packageRank":0,"desc":"","enclosedBy":{"name":"ResultScreen","kind":3,"href":"main/ResultScreen-class.html"}},{"name":"main","qualifiedName":"main.main","href":"main/main.html","kind":8,"overriddenDepth":0,"packageRank":0,"desc":"","enclosedBy":{"name":"main","kind":9,"href":"main/main-library.html"}}]
